{
    "parent": "item/generated",
    "display": {
	"thirdperson_righthand": {
            "rotation": [ 0, 90, 0 ],
            "translation": [ 0, 4.0, 0.5 ],
            "scale": [ 0.4, 0.4, 0.7 ]
        },
        "thirdperson_lefthand": {
            "rotation": [ 0, 90, 0 ],
            "translation": [ 0, 4.0, 0.5 ],
            "scale": [ 0.4, 0.4, 0.7 ]
	},
        "firstperson_righthand": {
            "rotation": [ 0, -90, 25 ],
            "translation": [ 1.13, 3.2, 1.13 ],
            "scale": [ 0.4, 0.4, 0.7 ]
        },
        "firstperson_lefthand": {
            "rotation": [ 0, 90, -25 ],
            "translation": [ 1.13, 3.2, 1.13 ],
            "scale": [ 0.4, 0.4, 0.7]
        }
    },
    "textures": {
        "layer0": "items/totem"
    }
}