{   
	"parent": "block/block",
	"textures": {
		"particle": "block/gilded_blackstone",
		"sides": "block/gilded_blackstone",
		"up": "block/models/gilded_blackstone_top"
	},
	"elements": [
		{   "from": [ 0, 0, 0 ],
			"to": [ 16, 16, 16 ],
			"faces": {
				"down":  { "uv": [ 0, 0, 16, 16 ], "texture": "#sides", "cullface": "down" },
				"up":    { "uv": [ 0, 0, 16, 16 ], "texture": "#up", "cullface": "up" },
				"north": { "uv": [ 0, 0, 16, 16 ], "texture": "#sides", "cullface": "north" },
				"south": { "uv": [ 0, 0, 16, 16 ], "texture": "#sides", "cullface": "south" },
				"west":  { "uv": [ 0, 0, 16, 16 ], "texture": "#sides", "cullface": "west" },
				"east":  { "uv": [ 0, 0, 16, 16 ], "texture": "#sides", "cullface": "east" }
			}
		}
	]
}
