{
    "__comment": "This model file was originally created by /u/nihiltres over at /r/minecraft",
    "ambientocclusion": false,
    "textures": {
        "particle": "blocks/waterlily_6",
        "texture": "blocks/waterlily_6",
        "flower": "blocks/waterlily_flower_0"
    },
    "elements": [
        {   "from": [ 0, 0.25, 0 ],
            "to": [ 16, 0.25, 16 ],
            "faces": {
                "down":  { "uv": [ 16, 16, 0,  0 ], "texture": "#texture", "tintindex": 0 },
                "up":    { "uv": [ 16,  0, 0, 16 ], "texture": "#texture", "tintindex": 0 }
            }
        },
        {   "from": [ 0.8, 0.25, 8 ],
            "to": [ 15.2, 16, 8 ],
            "rotation": { "origin": [ 8, 8, 8 ], "axis": "y", "angle": 45, "rescale": true },
            "shade": false,
            "faces": {
                "north": { "uv": [ 0, 0, 16, 16 ], "texture": "#flower" },
                "south": { "uv": [ 0, 0, 16, 16 ], "texture": "#flower" }
            }
        },
        {   "from": [ 8, 0.25, 0.8 ],
            "to": [ 8, 16, 15.2 ],
            "rotation": { "origin": [ 8, 8, 8 ], "axis": "y", "angle": 45, "rescale": true },
            "shade": false,
            "faces": {
                "west": { "uv": [ 0, 0, 16, 16 ], "texture": "#flower" },
                "east": { "uv": [ 0, 0, 16, 16 ], "texture": "#flower" }
            }
        }
    ]
}
