{
	"credit": "Made with Blockbench",
	"ambientocclusion": false,
	"textures": {
		"particle": "block/cocoa_stage1",
		"cocoa": "block/cocoa_stage1"
	},
	"elements": [
		{
			"from": [5, 4, 9],
			"to": [11, 12, 15],
			"faces": {
				"north": {"uv": [8, 4, 14, 12], "texture": "#cocoa"},
				"east": {"uv": [8, 4, 14, 12], "texture": "#cocoa"},
				"south": {"uv": [8, 4, 14, 12], "texture": "#cocoa"},
				"west": {"uv": [8, 4, 14, 12], "texture": "#cocoa"},
				"up": {"uv": [0, 0, 6, 6], "texture": "#cocoa"},
				"down": {"uv": [0, 0, 6, 6], "texture": "#cocoa"}
			}
		},
		{
			"from": [8, 12, 12],
			"to": [8, 16, 16],
			"faces": {
				"east": {"uv": [16, 0, 12, 4], "texture": "#cocoa"},
				"west": {"uv": [12, 0, 16, 4], "texture": "#cocoa"}
			}
		}
	]
}