{
	"credit": "Made with Blockbench",
	"parent": "block/block",
	"ambientocclusion": false,
	"textures": {
		"particle": "block/dragon_egg",
		"all": "block/dragon_egg"
	},
	"elements": [
		{
			"from": [5, 14, 5],
			"to": [11, 16, 11],
			"faces": {
				"north": {"uv": [4, 14, 10, 16], "texture": "#all"},
				"east": {"uv": [4, 14, 10, 16], "texture": "#all"},
				"south": {"uv": [4, 14, 10, 16], "texture": "#all"},
				"west": {"uv": [4, 14, 10, 16], "texture": "#all"},
				"up": {"uv": [4, 4, 10, 10], "texture": "#all"},
				"down": {"uv": [5, 5, 11, 11], "texture": "#all"}
			}
		},
		{
			"from": [3, 12, 3],
			"to": [13, 14, 13],
			"faces": {
				"north": {"uv": [4, 12, 14, 14], "texture": "#all"},
				"east": {"uv": [4, 12, 14, 14], "texture": "#all"},
				"south": {"uv": [4, 12, 14, 14], "texture": "#all"},
				"west": {"uv": [4, 12, 14, 14], "texture": "#all"},
				"up": {"uv": [2, 2, 12, 12], "texture": "#all"},
				"down": {"uv": [3, 3, 13, 13], "texture": "#all"}
			}
		},
		{
			"from": [2, 8, 2],
			"to": [14, 12, 14],
			"faces": {
				"north": {"uv": [2, 8, 14, 12], "texture": "#all"},
				"east": {"uv": [2, 8, 14, 12], "texture": "#all"},
				"south": {"uv": [2, 8, 14, 12], "texture": "#all"},
				"west": {"uv": [2, 8, 14, 12], "texture": "#all"},
				"up": {"uv": [0, 2, 12, 14], "texture": "#all"},
				"down": {"uv": [2, 2, 14, 14], "texture": "#all"}
			}
		},
		{
			"from": [1, 4, 1],
			"to": [15, 8, 15],
			"faces": {
				"north": {"uv": [0, 4, 14, 8], "texture": "#all"},
				"east": {"uv": [0, 4, 14, 8], "texture": "#all"},
				"south": {"uv": [0, 4, 14, 8], "texture": "#all"},
				"west": {"uv": [0, 4, 14, 8], "texture": "#all"},
				"up": {"uv": [1, 1, 15, 15], "texture": "#all"},
				"down": {"uv": [1, 1, 15, 15], "texture": "#all"}
			}
		},
		{
			"from": [2, 2, 2],
			"to": [14, 4, 14],
			"faces": {
				"north": {"uv": [2, 2, 14, 4], "texture": "#all"},
				"east": {"uv": [2, 2, 14, 4], "texture": "#all"},
				"south": {"uv": [2, 2, 14, 4], "texture": "#all"},
				"west": {"uv": [2, 2, 14, 4], "texture": "#all"},
				"up": {"uv": [2, 2, 14, 14], "texture": "#all"},
				"down": {"uv": [2, 2, 14, 14], "texture": "#all"}
			}
		},
		{
			"from": [3, 0, 3],
			"to": [13, 2, 13],
			"faces": {
				"north": {"uv": [3, 0, 13, 2], "texture": "#all"},
				"east": {"uv": [3, 0, 13, 2], "texture": "#all"},
				"south": {"uv": [3, 0, 13, 2], "texture": "#all"},
				"west": {"uv": [3, 0, 13, 2], "texture": "#all"},
				"up": {"uv": [3, 3, 13, 13], "texture": "#all"},
				"down": {"uv": [3, 3, 13, 13], "texture": "#all"}
			}
		}
	]
}