{
	"credit": "Made with Blockbench",
	"textures": {
		"particle": "block/birch_planks",
		"wood": "block/birch_planks",
		"back": "block/item_frame"
	},
	"elements": [
		{
			"from": [3, 3, 15.5],
			"to": [13, 13, 16],
			"faces": {
				"north": {"uv": [2, 2, 12, 12], "texture": "#back"},
				"south": {"uv": [2, 2, 12, 12], "texture": "#back"}
			}
		},
		{
			"from": [1, 1, 14],
			"to": [15, 3, 16],
			"rotation": {"angle": 0, "axis": "y", "origin": [9, 8, 8]},
			"faces": {
				"north": {"uv": [0, 12, 14, 14], "texture": "#wood"},
				"east": {"uv": [0, 13, 1, 14], "texture": "#wood"},
				"south": {"uv": [2, 12, 16, 14], "texture": "#wood"},
				"west": {"uv": [15, 13, 16, 14], "texture": "#wood"},
				"up": {"uv": [2, 14, 16, 16], "texture": "#wood"},
				"down": {"uv": [2, 0, 16, 2], "texture": "#wood"}
			}
		},
		{
			"from": [1, 13, 14],
			"to": [15, 15, 16],
			"rotation": {"angle": 0, "axis": "y", "origin": [9, 8, 8]},
			"faces": {
				"north": {"uv": [2, 2, 16, 4], "texture": "#wood"},
				"east": {"uv": [0, 2, 1, 3], "texture": "#wood"},
				"south": {"uv": [2, 2, 16, 4], "texture": "#wood"},
				"west": {"uv": [15, 2, 16, 3], "texture": "#wood"},
				"up": {"uv": [2, 14, 16, 16], "texture": "#wood"},
				"down": {"uv": [2, 0, 16, 2], "texture": "#wood"}
			}
		},
		{
			"from": [1, 3, 14],
			"to": [3, 13, 16],
			"faces": {
				"north": {"uv": [12, 2, 14, 12], "texture": "#wood"},
				"east": {"uv": [0, 2, 2, 12], "texture": "#wood"},
				"south": {"uv": [2, 2, 4, 12], "texture": "#wood"},
				"west": {"uv": [14, 2, 16, 12], "texture": "#wood"}
			}
		},
		{
			"from": [13, 3, 14],
			"to": [15, 13, 16],
			"faces": {
				"north": {"uv": [2, 2, 4, 12], "texture": "#wood"},
				"east": {"uv": [0, 2, 2, 12], "texture": "#wood"},
				"south": {"uv": [12, 2, 14, 12], "texture": "#wood"},
				"west": {"uv": [14, 2, 16, 12], "texture": "#wood"}
			}
		}
	]
}