{
	"textures": {
		"all": "items/totem"
	},
	"elements": [
		{
			"name": "Cube",
			"from": [0, 14, 0],
			"to": [8, 28, 8],
			"rotation": {"angle": 0, "axis": "y", "origin": [0, 14, 0]},
			"faces": {
				"north": {"uv": [4, 4, 8, 11], "texture": "#all"},
				"east": {"uv": [8, 4, 12, 11], "texture": "#all"},
				"south": {"uv": [12, 4, 16, 11], "texture": "#all"},
				"west": {"uv": [0, 4, 4, 11], "texture": "#all"},
				"up": {"uv": [4, 0, 8, 4], "texture": "#all"},
				"down": {"uv": [8, 0, 12, 4], "texture": "#all"}
			}
		}
	],
	"display": {
		"thirdperson_righthand": {
			"rotation": [0, -180, 0],
			"translation": [-2, -3.5, -2.25],
			"scale": [0.5, 0.5, 0.5]
		},
		"thirdperson_lefthand": {
			"rotation": [0, -180, 0],
			"translation": [2, -4, -1.5],
			"scale": [0.5, 0.5, 0.5]
		},
		"firstperson_righthand": {
			"rotation": [-17, 0, -10],
			"translation": [8.75, -4, -3],
			"scale": [0.5, 0.5, 0.5]
		},
		"firstperson_lefthand": {
			"rotation": [0, 115, 0],
			"translation": [10, -3.25, -4.25],
			"scale": [0.5, 0.5, 0.5]
		},
		"ground": {
			"translation": [2.25, -5.75, 1],
			"scale": [0.5, 0.5, 0.5]
		},
		"gui": {
			"rotation": [0, -156, 0],
			"translation": [-5, -13, 0.25],
			"scale": [1, 1, 0.99]
		},
		"fixed": {
			"translation": [3.25, -12, 2]
		}
	}
}